,Clustering,Bayesian,Manual
w_23.png,0.035628320622,0.0438280980135,0.00961712440304
