,Clustering,Bayesian,Manual
w_23.png,0.763356276631,0.27,0.922313756754
