,Clustering,Bayesian,Manual
w_23.png,0.736041856872,0.0986371294644,0.87739108452
