,K-Means,Manual,Histogram Similarity
w_0.jpg,0.0,0.0,0.034148363871698416
w_1.jpg,0.0,0.0,0.002095789418604331
w_2.jpg,0.009650665996481528,0.0,0.10057803468208093
w_3.jpg,0.4845534419232757,0.004551441289741751,0.030479096158227883
