,HistSimilarity,Thresholding,Superpixels
w_0.jpg,0.034148363871698416,0.0,0.039409996090010654
w_1.jpg,0.002095789418604331,0.0,0.005089380874613408
w_2.jpg,0.10057803468208093,0.012415179693390298,0.06031666247800955
w_3.jpg,0.030479096158227883,0.06095263500108368,0.00873609976492556
