,K-Means,Manual,Histogram Similarity
w_0.jpg,0.45751004016064256,0.32439982150825525,0.9170820340314779
w_1.jpg,0.3894381480588377,0.2965561084683342,0.9496744145931261
w_2.jpg,0.2956058588548602,0.21198830409356725,0.5526698524828589
w_3.jpg,0.2187936780991291,0.17306549387852133,0.7393536089886138
