,HistSimilarity,Thresholding,Superpixels
w_0.jpg,0.9170820340314779,0.460615796519411,0.43241583294273567
w_1.jpg,0.9496744145931261,0.21327575246070543,0.3471610660486674
w_2.jpg,0.5526698524828589,0.26773455377574373,0.3629112662013958
w_3.jpg,0.7393536089886138,0.44694351594810494,0.6301939058171745
