,K-Means,Manual,Histogram Similarity
w_0.jpg,1.0,1.0,0.9170820340314779
w_1.jpg,1.0,1.0,0.9830152884722687
w_2.jpg,0.8222222222222222,1.0,0.5706929843381249
w_3.jpg,0.2187936780991291,0.8421052631578947,0.8012466252332893
