,HistSimilarity,Thresholding,Superpixels
w_0.jpg,0.9170820340314779,1.0,0.8206748466257668
w_1.jpg,0.9830152884722687,1.0,0.8991596638655462
w_2.jpg,0.5706929843381249,0.7682926829268293,0.5481927710843374
w_3.jpg,0.8012466252332893,0.5918229557389347,0.9124331550802139
