,K-Means,Manual,Histogram Similarity
w_0.jpg,0.45751004016064256,0.32439982150825525,1.0
w_1.jpg,0.3894381480588377,0.2965561084683342,0.9655172413793104
w_2.jpg,0.3157894736842105,0.21198830409356725,0.9459459459459459
w_3.jpg,1.0,0.17886977886977887,0.9054054054054054
