,HistSimilarity,Thresholding,Superpixels
w_0.jpg,1.0,0.460615796519411,0.4775368139223561
w_1.jpg,0.9655172413793104,0.21327575246070543,0.3612249819146371
w_2.jpg,0.9459459459459459,0.29125177809388336,0.5177809388335705
w_3.jpg,0.9054054054054054,0.6461097461097461,0.6707616707616708
