,Clustering,Bayesian,Manual
w_23.png,0.953639672429,0.134508644222,0.947406733394
